,title,review,userName,date,isEdited,rating,developerResponse
157,Simply the BEST,Never thought using this app will give so much peace of mind while travelling with larger groups. Amazing UI and functionality ðŸ¤©,Bhavyesh Acharya,2022-09-03 03:09:52,False,5,
223,Unable to change amount after adding in group,I have added some amount paid by me and split equally but it does not apply for one person even if Iâ€™m adding that amount personally even also it does not show.,Nilesh Sodha,2022-09-01 03:53:36,False,1,"{'id': 31811055, 'body': 'Sorry for any confusion! It sounds like you might have our Simplify Debts feature enabled. This feature reshuffles ""who owes who"" to minimize repayments. This feature is helpful but can be confusing if youâ€™re not expecting it. You can find the setting in your Group Settings screen. Hope this helps! If not, we\'re always happy to help look into what might be going wrong, please send a note to support@splitwise.com.\n', 'modified': '2022-09-04T00:18:56Z'}"
385,Very convenient,A must use app for group expanses,hvk_03,2022-08-29 07:43:15,False,5,
462,Thanks super appâ€¦,Very nice app. Please consider integrating payment link in the appâ€¦.,PraveenKarki,2022-08-27 18:12:51,False,5,
738,Good app,Nice for sharing expenses,jackspidey,2022-08-25 19:21:26,False,5,
671,Showing incorrect Balances,Whole algorithm is wrong of the app. Users please be careful as the balances are always incorrect.,sanjeevshukla18,2022-08-20 14:10:04,False,1,"{'id': 31609925, 'body': ""Sorry you had a bad experience with Splitwise! We'd love to hear your feedback and help you in any way we can. Please send a note to support@splitwise.com so that we can look into what went wrong. Thanks!\n"", 'modified': '2022-08-23T05:02:55Z'}"
146,Best app,Bestest app which can be used for maintaining a shared budget and it makes everything so simple and very easy to use.,wafflenyou,2022-08-17 17:35:55,False,5,
890,Awesome,Awesome app as usual,SuhasTJ,2022-08-17 04:14:07,False,5,
670,Super,Very useful for trips,Jayen09,2022-08-16 03:58:42,False,5,
286,What an app,"Simple, intuitiveâ€¦ does exactly what it is supposed to doâ€¦",Sampath Kumar blr,2022-08-12 02:33:30,False,5,
206,Nice app,Pls update payment mode in IOS so we can make payment directly from the app and settle,insrkk,2022-08-09 02:28:28,False,5,
122,Great,It helped me to take care of sharing between friends and family in money,Bhimth,2022-08-08 06:31:29,False,5,
65,The best bucket for group expenses tracker,I really liked how expenses are managed by the app and it would be if non-expenses group is removed and also custom background theming option is available.,Chaitanya Karnena,2022-07-31 09:17:13,False,5,
592,Review,Always asking for money. Don't know whyy.,Chindi Guy,2022-07-25 09:47:54,False,4,
571,Easy to use,Excellent app ðŸ¥‚,Parasarora9917,2022-07-24 20:16:08,False,5,
118,Very very useful software,One of the most useful accounting and finance software. Tracking the expenses in a group was made very easy. Fantastic job by the organisation!,jelly5207,2022-07-21 11:22:33,False,5,
807,Amazing,Best app for finance management,Sagarbhagat13,2022-07-17 18:04:18,False,5,
356,Great App,"Very good app, but if Pro Features could be availed for free or lower cost, thatâ€™d be great. Or maybe pay like a one time fee and not annual fee",Hunar14,2022-07-11 04:45:17,False,4,
308,Superb app for sharing,Makes my calculations so easy,Teja4433,2022-07-05 12:05:43,False,5,
287,Makes life easier,"Super useful app, just what is required.",gsivaych,2022-07-05 11:06:35,False,5,
264,Payment options,"Hello Splitians,

The app is really good tool to help the person who forgets,
Request to make more payment options available within the app.",Sagi0812,2022-07-04 13:13:18,False,3,
989,EXELLENT APP,JUST ADD YOUR MONEY YOU SOENT AND THIS APP WILL DISTRIBUTE IN ALL THE MEMBERS,MSA ASHRAF,2022-07-04 06:37:39,False,5,
498,Great app,Absolutely impressed how the app meets our requirement. <3,nihalavulan,2022-07-04 05:06:29,False,5,
919,Outdated,"Not worth, they should integrate upi payment",fghty3566,2022-07-03 18:53:28,False,1,"{'id': 30734493, 'body': ""Thanks for the feedback! We're hoping to add more payment integrations in the future. Sorry for any inconvenience in the meantime!"", 'modified': '2022-07-05T21:25:01Z'}"
202,Need to integrate UPI payment gateway,"Fantastic app . 
One thing which is missing is direct payment to the user that way it would be easy to settle up the expenses",Njoyb123,2022-07-03 06:27:43,False,4,
273,Weird things,Dont know why but for past few days the group shows someone owes me but then in friends section that friend doesnt.,Vish1893,2022-07-02 23:44:49,False,3,"{'id': 30713758, 'body': 'So sorry for the trouble! Please send a note about this to support@splitwise.com so we can investigate and help. \n', 'modified': '2022-07-04T21:45:28Z'}"
706,Excellent,Good n very useful,SO2 man,2022-06-30 17:52:25,False,5,
323,Best App on the market,One of the best app to track your finances and split bills among friends.,Harikesh22,2022-06-30 10:07:18,False,5,
387,Awesome app,Must download for any trip and sim plies to keep track of ur expenses,Mc The Saint,2022-06-30 03:58:35,False,5,
638,Great application,Much needed app!,GauthamRBz,2022-06-27 03:15:41,False,5,
579,Not recommended,"This is most complicated mobile app ever seen. 
There are many easy to use apps. This is not recommended at all. Sad to download :(",Arun Chaudhary,2022-06-24 19:48:50,False,1,"{'id': 30562791, 'body': ""Sorry you had a bad experience with Splitwise! We'd love to hear your feedback and help you in any way we can. Please send a note to support@splitwise.com so that we can look into what went wrong. Thanks!\n"", 'modified': '2022-06-26T23:06:47Z'}"
1727,Nice app- need upi,"Very nice app, and very useful when we split the bills between friends. Only additional option I was searching for in settings wqs to add my upi id or qr code so that people can directly pay me through this app. Or my friend could know my upi address to pay me.",tarunsapple,2022-06-24 01:45:22,False,5,
639,Great way to split with ease,Amazing,Grv Mehra,2022-06-22 06:25:02,False,5,
507,Best service,Nice look and easy to handle,ÑÐ°Ð²Ð¸Ð½ Ð±ÐµÐ½Ð¸Ð²Ð°Ð»,2022-06-22 06:06:16,False,4,
147,The Best App,"The best app ever. You guys are awesome. Please donâ€™t change the free version, please donâ€™t bring ads etc.. Everything works so smoothly.",RViOS,2022-06-16 16:46:31,False,5,
997,Ko,Khfty,krish pd,2022-06-16 04:25:21,False,5,
68,Nice work,Great to see these kinda apps to solve basic user issues during travel or sharing expenses with friends or family,satty205,2022-06-14 13:00:29,False,5,
86,Awesome App,"This app helps me keep track of my payment and money to be received. Another feature that I love is friend reminder to get money back.

Once again awesome app.",KodasH561,2022-06-10 07:52:18,False,5,
130,Excellent app,"Excellent app, I have been using it from last 05 years and it always came handy to manage group expenses.",rkdeepak,2022-06-09 04:39:54,False,5,
943,Delete karde appstore se,"Bhai mera 15k ka kharcha ho gaya he iske karan, harooj raatko mera wo frd 2k maangta tha, 5 din tan, me tuje 10 lakh de dunga, delete karde isse.",aaaaaaaaaadityaaaa,2022-06-08 14:31:20,False,1,
109,Excellent App,"Excellent App to manage day to day transactions with friends and flatmates. 

Everything like Trips, monthly mess bills can be recorded and tracked with ease. I love thos app and recommend to others.",Faiz Muhammed (Bu Hamad),2022-06-06 15:15:52,False,5,
2,"Life saver, huge scope for improvement","Really a very useful app. One of the essentials apps for me. Best thing about it is its simplicity. However, some attention to improvement is required. Such as -

1. Better charts and drill down capabilities in Pro. I see the bars, i see a spike in a monthly expense, but I canâ€™t drill down to that expense category to see what exactly caused the spike.
2. Settle all balances are treated as expenses. Due to this there are spiked expenses data, not very easy for analysis.
3. Integration with spend sources, like bank apps, apple pay etc will enhance its usability.",SukantoBhowmik,2022-06-05 08:22:26,False,4,
925,Worst app,Showed repeated notifications and disturbed mental peace.,gyjbgyhv,2022-06-04 08:26:17,False,1,"{'id': 30288273, 'body': ""So sorry for the trouble! You can adjust your notification preferences under 'Account Settings', or please send a note to support@splitwise.com so we can help. Thanks! \n"", 'modified': '2022-06-10T16:10:06Z'}"
774,Outstanding app,Nice idea,Mahesh Khokhar,2022-06-03 08:59:20,False,4,
894,Payment method,Add Paytm for settling up,midhun ajau,2022-06-02 06:25:18,False,3,
37,Settle up payment,When someone made payment and doing settle up payment there should be confirmation from owed because there are so many people in the group and so many transactions have been done so sometime we donâ€™t know who did the make the payment so it is easier to confirm the payment received,Deps Suthar,2022-05-30 04:46:57,False,3,"{'id': 30107154, 'body': ""Sorry for any confusion! We used to have a permissions model but removed it due to negative user feedback. We do offer some of these other things though and I'd be happy to help you find them if you could please send us a note at support@splitwise.com!"", 'modified': '2022-06-01T21:34:40Z'}"
222,Awesome app,After using this app it feels fair and square for the first time I spent holidays together with my friends,Eric Dumasia,2022-05-29 08:07:05,False,5,
838,good app,Please add a dark mode.,Mohit Mohite,2022-05-25 16:02:38,False,4,
773,nice app,Good and simplified calculation and distribution of expense. Nice app,DrVikasJain,2022-05-18 17:18:08,False,5,
790,Very good app,Very very good app,sriniiiii,2022-05-16 07:29:33,False,5,
208,Excellent app,I havenâ€™t tried any app this was my 1st app and I am so happy that I wonâ€™t install any other such app,Subhanshusingh,2022-05-13 12:29:32,False,5,
427,Best App Ever,"Finally, Iâ€™m reviewing an app that is just PERFECT! Thank you Team Splitwise, youâ€™re amazing.",kshitijtripathi,2022-05-10 06:44:52,False,5,
1706,Bahot badhiya,1 no. App h bhai,KartikAgra,2022-05-08 20:13:05,False,5,
189,Great app that gets things done,It was very useful in during group travel.,Senthil Sekaran,2022-05-06 17:00:09,False,5,
229,Awesome app for split calculations.,I am using this app from last 6 years. Its so amazing application for friends and roommates,kittoo090,2022-05-05 00:29:04,False,5,
131,Best money spliting app,"Best accounting app for college students who share their expenses amongst roommates or friends.  
Easy to use and very much reliable compared to manual accounts",Nikon D7100,2022-05-04 16:56:50,False,5,
1729,Helps to bring fights to group,"This app made my roommates fight for 20 min straight, its of no use , that some dumb simple options just created chaos and fights, its doesnâ€™t help in remembering the borrowed money , its creating a new law for somewhere in the world, suppose if i own 1000 its telling me to pay 100000, and dividing and creating confusion goodbye no use hehehheehe",bengali biryani sucke,2022-05-04 16:35:25,False,1,"{'id': 29602670, 'body': ""Sorry you had a bad experience with Splitwise! We'd love to hear your feedback and help you in any way we can. Please send a note to support@splitwise.com so that we can look into what went wrong. Thanks!\n"", 'modified': '2022-05-06T20:20:11Z'}"
763,Unfriendly app,Lot of things are not in proper order,umang_b,2022-05-03 09:30:05,False,2,"{'id': 29602651, 'body': 'So sorry for the trouble! Please send a note about this to support@splitwise.com so we can investigate whatâ€™s going wrong.\n', 'modified': '2022-05-06T20:19:17Z'}"
213,Awesome user friendly app,This is one of the most useful application I have ever used.,rajumathew,2022-05-03 04:13:21,False,5,
70,Better if we can add personal expenses,"This is one of the most useful app for managing personal finances with friends.

But i wish this app was useful also when it comes to personal expenses where no other is involved.",petrichore97,2022-05-02 06:56:43,False,4,
918,Best,Loved it,rjyonex,2022-05-01 04:43:37,False,5,
57,An absolutely amazing app,"Splitwise has been the best splitting app for me and my friends. The app is designed in an incredible way. Our group uses this app almost every other day.
Highly recommended. ðŸ‘",vm5726,2022-04-27 03:36:02,False,5,
91,A perfect expense tracking and split app,We use this app for all our trips with our friends and it makes our job easy,Vmetedwin,2022-04-24 02:46:34,False,5,
1707,Review,Excellent app,BG SHINDE,2022-04-23 18:41:18,False,5,
499,Simply Awesome,"Such a great app, very user friendly",Kirak.dude,2022-04-22 13:09:03,False,5,
762,Awesome app,Much needed app,tosh's iphn,2022-04-19 09:26:08,False,5,
618,Best Application,Very useful application,cfcfxrcdv,2022-04-19 08:29:26,False,5,
795,Doesnâ€™t work,App does not work properly,rashi rajan,2022-04-19 07:28:59,False,1,
302,Awesome app but..,The app is best in class. But the only thing missing is dark mode. I request the developers to please add dark mode theme in the app.,smayan3102,2022-04-18 16:18:13,False,4,
619,Best app for splitting bills. Hands down.,Amazing!,eemhere,2022-04-11 11:23:59,False,5,
389,Need chamge,Please add a new feature of â€œSearch barâ€ it maybe very helpful for finding a previous expense.,Anuj_Bhardwaj,2022-04-10 19:52:59,False,3,
483,Excellent,Wonderful app. This helped me to avoid my friendâ€™s creepy excel sheet.,keerthana 1696,2022-04-10 16:52:27,False,5,
420,Excellent App,User friendly,PuneShree,2022-04-10 11:55:58,False,5,
182,Just brilliant !,I have no words to express how amazing this app is. The developer has thought of every situation. This app is a life saver,GrooetusMaximus,2022-04-10 06:36:35,False,5,
292,Does what is says!!,Does the job perfectly,mohdasha,2022-04-06 07:57:37,False,5,
183,Best app ever,It make your life easier and you ask someone for your money without guilt.,shaurya_,2022-03-31 08:33:11,False,5,
110,Lovely app,I have been using this app since the time it was first available. I feel obligated to rate it the highest after all this time.,saurabhsri,2022-03-31 07:48:14,False,5,
288,Makes things easy,Awesome app even the free version,vibhiuuuu,2022-03-29 18:05:13,False,5,
517,Excellent App,Helps to manage spends among friends with ease,Spanicks,2022-03-26 06:35:24,False,5,
16,Please add admin option !!!,This is the best app for expense splitting however just one thing seems missing . The amount entries is open for all in the group and does lead to confusion of multiple repeating entries by different individuals. Please add option of admin selection who is authorised to add deleted and edit all entries at least in groups of more than 4 people . Otherwise itâ€™s a 5 star app with this option as well,Sahil 2650,2022-03-22 08:21:18,False,3,
731,Unable to download,I am using ios and unable to download splitwise,somsij,2022-03-21 17:33:45,False,1,
954,dharanibajireddy,nice app,dharanimotadi,2022-03-19 11:03:59,False,5,
423,Group problem,"Does not show group in the app but when clicked on the link, shows that youâ€™re already in the group",naimish_j70,2022-03-19 09:03:21,False,1,
75,Suggestion,"Pls add date column also as sometimes we are not able to add expense real time.

Also you and  self expenditure field so that person can tracks self-expenses",rider rajat,2022-03-16 07:11:32,False,5,
1728,Easy to use and a really good UI! ðŸ¤©,The app is damn good and has cool features too!,McSteamyyyyy,2022-03-13 17:22:55,False,5,
281,Calculations don't match with a talented friend of mine,"I have a super senior lead manager cto vp UIUX friend of mine who has a problem with the calculations that you conduct in the backend. According to his Ramanujan mathematics, he thinks that he has been robbed of his money and is now left with only â‚¹30 in his bank, please donate him some money.",debjitdbb,2022-03-11 05:15:30,False,1,
485,Cannot login via Google,On web there is option to login via google account. The only reason I cant use the app is because I cant even login.,princeheman,2022-03-09 20:43:53,False,1,
252,Just splendid,I have been using splitswise since 2018 and my experience is very good,KaptaanJack,2022-03-08 15:52:12,False,5,
309,Payment Option,"Hello Folks,
Please add the payment option in settlement module.",sid.rathore,2022-03-07 12:54:14,False,5,
263,Amazing,Exactly does what it says. Nothing less nothing more.,Shreyash2431,2022-03-07 07:04:22,False,5,
245,User interface,Very easy to use and simpleâ€¦!!!,Lewellyn Dias,2022-02-26 19:53:18,False,5,
272,Amazing App.,I wish i could collaborate with the App makers and make it more. Its amazing already anyways.,@fy,2022-02-25 14:35:49,False,5,
752,Great app . Just loved it,â¤ï¸,Ekruuuu,2022-02-22 11:19:36,False,5,
195,One important feature missing,"Searching expenses is an must, in some cases a friend who forgot when the expense added and what ratio, he has to go to all the transactions to modify it or just to refer",Dinesh Kallam,2022-02-19 09:35:44,False,3,
34,"Lovely App, minimal interface","Just whatâ€™s required and no other complicated options. 

Would love to have the option of recording the expenses too in a similar easy to use interface ! 

Thanks for the app !",dink allana,2022-02-15 19:03:45,False,5,
683,Superb service,Owner is a very genuine person whose name is bhavesh pareek.,akki000000777,2022-02-12 19:21:38,False,5,
593,Very good app s,Some time some errors and Mistake,SOJIN JS,2022-01-30 17:08:18,False,4,"{'id': 27856942, 'body': ""We'd love to hear your feedback and help you in any way we can. Please send a note to support@splitwise.com so that we can look into what went wrong. Thanks!"", 'modified': '2022-02-04T21:35:25Z'}"
826,Akshay,Spectacular app,Namaslayy,2022-01-29 22:55:46,False,5,
677,Worst app,Does not show overall balance for everyone,pinagraw,2022-01-29 04:21:07,False,1,"{'id': 27856946, 'body': ""Sorry you had a bad experience with Splitwise! We'd love to hear your feedback and help you in any way we can. Please send a note to support@splitwise.com so that we can look into what went wrong. Thanks!"", 'modified': '2022-02-04T21:35:56Z'}"
500,Amazing app,This is lifesaver when it comes to managing the expenses,RoyDza,2022-01-28 14:34:07,False,5,
339,Passcode/faceid not working after last update,After the last update passcode/faceid option is not working. Even when passcode is turned on the app straight away opens up without asking for authorization,arunava.10,2022-01-18 04:13:37,False,1,
194,All time classic app,Makes your expenses audited properly and quickly accessible. Works like charm.,Thynala,2022-01-16 22:39:15,False,5,
36,Feature Request,"Hi, No doubt splitwise is one of the best app out there in its field. This is a feature request to integrate upi payments in india as well so that payment settlement can happen at app level only and transaction added in transaction ledger for audit purpose.",Duggal-Puneet,2022-01-16 16:38:29,False,5,
149,Amazing app,"Please integrate with google pay or phonepe for better payment option , else this is just a amazing application for tracking money lent/taken from people",great app google,2022-01-15 10:09:15,False,4,
591,Excellent,Excellent App for day to day activities,Ashwini123.,2022-01-13 05:14:19,False,5,
388,Amazing,Couldnâ€™t be happierâ€¦.saved a lot of time â€¦â€¦â€¦â€¦â€¦,surbhihere,2022-01-11 09:02:35,False,5,
819,Wrong calculation,Very bad app. Did so many wrong calculations in the group,sakshi-c,2022-01-10 10:49:12,False,1,"{'id': 27449896, 'body': 'So sorry for the trouble! Please send a note about this to support@splitwise.com so we can investigate whatâ€™s going wrong.', 'modified': '2022-01-14T17:31:00Z'}"
429,Amazing idea and very useful,Features and logics are real-time and awesome,sharma.ady,2022-01-10 00:52:34,False,5,
14,Plz include reminder via push notifications to friends,"As of now, if some friend owes me some money & I need to remind them, the options available are through email, text message, whatsapp etc.
An option of sending them push notification will be very handy just we get notifications for other things(expense added, amount paid, etc) in this app.",Nilesh Pol,2022-01-09 16:46:34,False,4,
1708,Jay Jayaraman,Good,Jay Jayaraman,2022-01-06 04:42:34,False,5,
594,Amazing app!!!,You guys made life easy ðŸ™Œ,Sarvesh Tharwal,2022-01-04 19:19:09,False,5,
519,Bug bug,"Hey guys, 
How to login using google as Oauth on iOS?? 
It seems the button is vanished or not even there.",Rahul Kodumuru,2022-01-03 01:43:34,False,3,
342,Great app,"I love this app.
It just make our trip more easier.",i_sibasis,2021-12-28 12:53:56,False,5,
33,Good app but Need improvements,"Please add 3 steps mandatory, name of expense, amount and number of people to split with. Default setting is to split equally, sometimes when the other person owes full amount, we forget to change default. Another thing, add option to transfer amounts through this app using UPI.",Shanakp,2021-12-27 15:55:18,False,4,
159,Awesome app,Itâ€™s an awesome app to use its simple and really easy to use .I would like to see features like daily budget and monthly budget then the app is next level,_SALMAN_,2021-12-26 15:42:16,False,4,
95,Very very useful app,This app is perfect for group trips. I have made some 30 of my friends use this app and all of them were really impressed with it.,Blazedassault,2021-12-25 04:39:57,False,5,
377,Best Application,"I am really thanks to this application makers 
This make our all trips easy & enjoyable.
We donâ€™t use any ðŸ–Š or papers .
All friends now easy to settle there Account.
Thanks 
New people should immediately download this .
5 star application.
Sandeep badjatia",Bad Sand,2021-12-24 12:18:35,False,5,
364,Great app,Was suggested by my gfâ€¦.helped me save a lot of money..find a gf who splits bills with you,jai2483,2021-12-21 15:03:54,False,5,
343,Best Application for Spliting Amount,Best application for splitting accounts when you stay at PG or going for tours.,Jaspal_Gardr,2021-12-20 07:43:58,False,5,
552,Wonderful application,Thanks for this amazing app,"@(.â‚¹&(,",2021-12-17 17:45:17,False,5,
224,Brilliant app,"One word - Brilliant!

Needs a payment settlement interface though - a credit card? A UPI integration in India? Maybe?",shishirbs2007,2021-12-16 19:19:36,False,5,
620,Good app,Good app for room sharing expenses writing,morya_3,2021-12-15 17:21:34,False,5,
725,Excellent and convenient,Best free app to split the expenses,Ranjith Ambekar,2021-12-13 13:57:19,False,5,
727,Excellent app,Useful app for sharing expanse among roommates,_apurva_anand,2021-12-08 16:29:01,False,4,
225,Amazing app!,"Finance is made sooo easy! No extra charges given.. between friends, colleagues etc..",Neh ðŸ‡®ðŸ‡³,2021-12-08 07:18:14,False,5,
293,Amazing!,Made my trip really hassle-free. 10/10 recommend.,veeru168,2021-12-07 12:16:03,False,5,
27,Improvements,"I liked this application a lot and post temporary usage I have purchased subscription for it as well.
But there is one big issue I am not able to know my share of complete expense for a trip done with friends or families. 
I get what I need to pay others and total expense done by the group but I donâ€™t get my total expense for the trip.",ManiKaul,2021-12-04 04:44:45,False,3,
652,Splitwise,Good app life is easier,rmb9661,2021-12-03 21:12:33,False,5,
883,best app to manage expenses,loved it,Dishu20,2021-12-03 18:45:39,False,5,
931,Super,Cool review,Patel5566,2021-11-29 18:31:10,False,5,
564,Love this app!!,Amazing app. Has simplified spending so much!!,Rishabhuppalx,2021-11-24 15:18:53,False,5,
246,Amazing app,The activity tab shows a perfect journal of literally every action. So helpful.,Krishna Birla,2021-11-22 07:56:52,False,5,
874,boot,how do u put initial boot in the group expense,monishhhhj,2021-11-21 18:06:02,False,5,
574,Canâ€™t delete account,"Please provide option to delete account permanently, I donâ€™t need your service anymore",tejpall,2021-11-19 16:49:58,False,1,
553,Great App,One of the best app for hassle free travel spent experience. Loved it.,Abhishiv,2021-11-16 06:02:16,False,5,
662,Excellent App,"Very great app, keep it up",AniketSukale,2021-11-12 13:32:26,False,5,
831,Awesome app,No worries split is here,Babjis,2021-11-12 00:21:06,False,5,
172,Issue resolved,My issue was resolved by the team. Thank u Sarah the quick response.,RahulDsouza,2021-11-01 20:16:40,False,5,
603,All good but â€¦,"Why the email/password login? 

Please add social/otp based login.",k.anurag,2021-11-01 19:32:16,False,4,
414,"Save time and energy, precise and perfect","Awesome application, 
No complaints 
Save time",Gurjindersb,2021-10-31 18:13:33,False,5,
344,Feature Reuest,Personal expense manager would be a good addition.,awadhesh14,2021-10-31 13:51:36,False,5,
310,Best App,We used this app to track our Goa trip and this is super easy.,sanagala suresh,2021-10-26 11:46:36,False,5,
501,Excellent one,Happy to use this,dandempally,2021-10-22 21:13:19,False,5,
596,Very useful for group expense calc,Specially useful to split expense by % and fractions and cut down on intermediate payments,Ari-77,2021-10-18 16:55:31,False,4,
265,Works like butter,I think itâ€™s one of the best and most creative and helpful app ever built. Kudos to the designers and developers. GG,Rahil Panda,2021-10-17 16:05:16,False,5,
981,splitwise rating,bohut tagda h be!!,soumabha2lahari,2021-10-17 12:18:30,False,5,
378,Easy to Use,Very Helpful and Easy to Use. Free features are amazing.,kahshuankss,2021-10-17 10:02:06,False,5,
148,Best App Ever,This app has made life easier. Now we donâ€™t have to worry about expense settlements. Everything in a click.,G-Boss101,2021-10-15 02:46:41,False,5,
764,best app,its the best app that i have used till now for such accounting,KumarHimmat,2021-10-12 07:33:59,False,5,
402,Awesome app to split expenses,Splitwise is an awesome app which always helped me to share our expenses equally.,kartik-turaga,2021-10-09 13:40:11,False,5,
1730,Sash-12888,Amazing,sash-12888,2021-10-03 14:25:44,False,5,
595,Great!,"Productive, useful, simple. Smooth",Akshay kankariya,2021-09-30 03:04:50,False,5,
215,Payment Method,"Can you please look at having payment method like gpay integrated, so that we make payment directly here.",Dachimera,2021-09-23 16:40:34,False,4,
601,Ultimate Appâ€¦..,Itâ€™s the best app I ve seen with so ease of maintaining the expensesâ€¦.,Rahul_Ch,2021-09-21 14:48:51,False,5,
390,Great app,"Terrific application. 
Teaches us the value of money for sure. 
Another perk, keeps everybodyâ€™s conscience neat.",SS Das,2021-09-21 09:46:00,False,5,
22,Makes things easier,"I have been using this app from 4 years now.
When ever our group goes for a outing or meet we regularly use this app to track everyone's share.
Its have made thing easier for us.
Thanks for this team",Rohit_rj,2021-09-17 05:54:37,False,5,
453,Awesome App,"I really loved the service, am a happy customer.",Praveen AllyCaesar,2021-09-16 13:11:51,False,5,
678,Incomplete apps,No logout option available if any want to delete apps after logout,Faltubapps,2021-09-09 08:07:41,False,1,
61,Amazing app for tracking daily expenses,"Itâ€™s very easy to track your expenses with your roommates, friends, split it fairly and settle. 

Suggestion: Kindly update for individual expense tracking and comparing expenses based on category.",MrinaalSinha,2021-09-08 14:24:07,False,5,
28,Ability to create/edit categories,This app makes my financial audit simple. App forever for life ðŸ˜. It would be the best app if user can edit or create their own categories. Is there any plan to include such features near so sooner?? Thank you in advance.,Mak iOS,2021-09-01 16:26:39,False,5,
101,Need to add one more important feature,Please add one more feature please also record who created this group (admin) and without admin permission group not deleted by other users or group members,Pankaj IOS Dev,2021-08-29 14:17:16,False,4,
508,Total group balance incorrect,"Hi,

We did below transaction scenarios and found this error.

1.  3 member group, entered 10 Indian rupees split equally and change the currency to sar and not the amount. The Sar balance altered and total balance is not tallying in sar.

2. 3 member group, entered 20 sar, split between 2 member but the 3rd memberâ€™s balance is getting altered without involved in transaction.

This is quite confusing and makes not to rely on applications.",kaviya maadhu,2021-08-27 10:50:34,False,1,
29,Essential to have for every adult!,"This app is brilliant. The UI is very visual, intuitive and user friendly and it takes the stress and confusion out of everyday outings, trips with friends etc. Itâ€™s also fun to use and makes you want to settle up asap which is great. Love love love it!",unwieldee,2021-08-21 14:53:40,False,5,
1732,Aise kaise bhai,Bhai maine app pe sab settle up kardiya bhai fhir bhi unko paise nahi gaye bhai? Yeh kya scam hai?,spkvsp,2021-08-20 20:11:27,False,1,
367,Pathetic,"The app has too many bugs, log in issues and the interface is really confusing. It is not linked to many popular payment gateways. Very bad user experience.",Gauri kundalia,2021-08-09 09:57:00,False,1,
69,Fantastic app,When u are out with big groupâ€¦ it is the best app to add individual expenses by making a group and then check the total expenseâ€¦ it does the entire calculationâ€¦ it is a fantastic appâ€¦,ankitshah97,2021-08-09 03:26:51,False,5,
580,Best app ever seen very helpful,Go for it,bandameedi,2021-08-08 18:51:44,False,5,
144,Adding a payment gateway like Paytm or google pay anything,Why donâ€™t you add a payment gateway so that bills can be settled directly through app using choice of payment mode,karan095,2021-08-06 00:54:36,False,4,
253,Best app,"App is user friendly and best for calculating the expenses. Impressed with the app build, features and services.",sundar2553,2021-08-04 12:02:59,False,5,
754,Unable to download,Unable to download and install this app,Guna1170,2021-07-29 18:14:28,False,1,
431,Bug in the app,Expense added by one account can be delete easily from other accounts.,shubham1209boss,2021-07-22 11:40:03,False,2,
560,AKULA,Total accounts in single hand. Super Data analysis good App.,supdt,2021-07-21 02:32:12,False,5,
38,Great app with free features,Have been using this app since 3-4 years and Iâ€™m so happy with the app features and simplicity. Itâ€™s so appreciated that they provide such wonderful and useful features for free even without annoying ads.,KuttanZ,2021-07-12 08:54:19,False,5,
324,The Saviour!,Thanks ðŸ™ youâ€™ve made life easier for a lot of usðŸ™ðŸ™ðŸ™ God bless you.,InternetSipper,2021-07-10 17:06:40,False,5,
112,Excellent app for tracking contributions,It would have been complete if it had an option to make an UPI payment within the app. Now settlement is done outside the app and here itâ€™s just a notional capture.,ashwinmrao,2021-07-07 10:52:02,False,4,
111,Superb one if you want to track your money flow and sharing with your friends,Best way to split your expenses with your friends smoothly,SolomonðŸŒº,2021-07-01 04:11:40,False,5,
100,Best Expense tracking App,One of the best expense tracking app at a very reasonable price. Some really nice practical features. Simply superb when you have to split expenses in a group for any kind of occasion.,Job.joseph,2021-06-25 11:44:06,False,5,
200,Five stars is less for this fantastic app,"These people have thought of everything. 

They have made life a million times easier for millions of people around the world. 

I love these guys. This app is fantastic. 

They have currencies, they have groups, they have everything. 

Thank you for creating such a fantastic app.",Prithvi Raj K,2021-06-24 16:19:09,False,5,
30,Amazing App,"This app is simply amazing to track and split expenses with group. Easy to use interface and simple net due amount. ðŸ‘ŒðŸ»
If you can include personal expenses tracker also that will privy only to respective person then donâ€™t have to manage multiple apps.",SK_IND,2021-06-17 06:26:55,False,5,
846,Best split app,Best app to split expensed,Sandeep Pillai,2021-06-16 05:46:14,False,5,
392,Integrate gPay,Really nice and easy to use app. It would be great if you could integrate gpay option as well. Thanks!,beingnabo,2021-06-12 08:04:47,False,4,
76,Excellent app to maintain all kinds of expenditures,"Am using this app from 2 years, bro good app to keep record of your all expenses especially when you spending in groups",Family spenders,2021-06-03 01:42:42,False,5,
94,Fantastic APP,Serves its masters and how! I havenâ€™t been on a group holiday or shopping or day break where we havenâ€™t used SW for the past 18 months!!! Truly the most useful and convenient app!,DanOn The Moon,2021-05-12 04:52:16,False,5,
161,A few suggestions,"Really great and useful app.  Please add the following features too:
1) Adding multiple screenshots as attachments.
2) Ability to add attachments of type PDF, etc.",akhilvabbili,2021-05-05 19:15:40,False,4,
166,discrepancy in settlement,"Found some discrepancy in the app. Erroneous settlement. When an expense is added, it is not getting updated properly, tried multiple times. Found the bug very recently, now I'm unsure if the previous settlement were buggy as well.",baba_08,2021-05-02 15:26:55,False,2,"{'id': 22687031, 'body': ""Sorry for any trouble! Please send a note about this to support@splitwise.com so we can look into the issue you're seeing."", 'modified': '2021-05-07T20:31:56Z'}"
88,"Need â€œreminderâ€ notification option on phone, to make/ receive pending payments",Need â€œreminderâ€ notification option on phone,ash_i88,2021-04-28 19:57:15,False,4,
312,Amount splitting is not working in a group.,"Hello team,

Amount updated in a family group is not splitting equally to each person.

Please check and update asap.",sudharshan.medagam,2021-04-22 03:39:45,False,2,"{'id': 22427344, 'body': 'Sorry for any confusion! I wonder if you might have our Simplify Debts feature enabled. This feature reshuffles ""who owes who"" to minimize repayments. This feature is helpful but can be confusing if youâ€™re not expecting it. You can find the setting in your Group Settings screen. Hope this helps! If not, we\'re always happy to help look into what might be going wrong, please send a note to support@splitwise.com.', 'modified': '2021-04-23T19:24:05Z'}"
25,Nice app,"Good app, but I look forward to some changes like adding a custom item, tagging capital and operational expenses, scheduling recurring entries with an end date, managing the recurring entries in a separate window etc. We do our apartment account management through splitwise. So far itâ€™s been a good exp. Looking fwd to these changes being incorporated by team splitwise.",Deepak Ragav,2021-04-21 03:57:58,False,4,
150,Very useful app,I am using this app along with my roommate from the past 4 years. Very useful to keep track of expenses.,Chethanhd,2021-04-15 16:54:13,False,5,
311,Good and Beneficial application,Easy to use and too much beneficial to have records,Rohit3101,2021-04-14 21:30:29,False,5,
861,Good,Settled up,Divij Behl,2021-04-12 17:02:06,False,5,
963,Best apl,Js loving it ðŸ˜»,Ajay Venkat,2021-04-05 12:16:06,False,5,
472,Working best with groups,This is the best international app to simplify the group trip expanses,nisu7,2021-03-30 04:31:34,False,5,
739,Best app,Best money management app,Imzie@786,2021-03-25 06:03:25,False,5,
289,Nice app for keep tracking of your expenses and best for working couples,Best app for working couples yo keep track on monthly spent,anu sindwani,2021-03-24 05:27:53,False,5,
3,Awesome app,"Love this app. 
One of the best app I have been using from last few year now. 

1 feature I would like to see is, instead of people adding the amount, there should be a way where a single person collects X amount from each in a group and start adding the expanse in the group. When he runs of of fund, the group should be notified for any further payments or just show that funds are about to be exhausted.",Mumbaisreview,2021-03-21 12:29:57,False,5,
39,Excellent app,"Excellent app for ppl living in sharing apartments/hotels, or who ever want to share their expenses equally between group of friends or families members. when it come to money every thing must be clear, splitwise does your money work better.",rehanhunk,2021-03-16 09:42:05,False,5,
708,Reviews,Itâ€™s really awesome app,Hitman2411,2021-03-14 14:13:40,False,5,
886,Awesome,Useful,Badavath,2021-03-14 07:21:42,False,5,
628,Best app for batchelors,Soo good highly recommended,daniee d,2021-03-11 07:55:24,False,5,
254,This app is simply amazing,Many spends many friends one app all done crisp and clear calculations,9818191314,2021-03-10 19:15:33,False,5,
136,Wrong date in Pdf Export,"Hi I have been using the app since 2020 
But from some time I have been facing issue while exporting in Pdf.
The date we have filled and in the export is not matching.",Iphone X-q,2021-03-05 12:32:08,False,4,"{'id': 21574950, 'body': 'So sorry for the trouble! Please send a note about this to support@splitwise.com so we can investigate whatâ€™s going wrong.', 'modified': '2021-03-10T21:17:48Z'}"
84,"Canâ€™t able to reset my password, No SMS is coming","Hello team, I canâ€™t able to reset my password via my mobile number also I canâ€™t able to create new account because my mobile number already registered, donâ€™t know what to do",aparun,2021-02-26 16:29:47,False,3,"{'id': 21450543, 'body': 'So sorry for the trouble! Please send a note about this to support@splitwise.com so we can investigate whatâ€™s going wrong.', 'modified': '2021-03-04T15:07:09Z'}"
422,LNM,It is very cool. Donâ€™t have to remember and recall to settle expanses. You get a very clear history,luckymahesh,2021-02-20 15:02:11,False,5,
145,Super app,"Superb app for calculating and maintaining expenses in a easy and good manner. 
One request is, please add cloud backup for this app then it would be easy to fetch all data if we install app in another mobile",*Bakash*,2021-02-19 15:31:59,False,4,
653,Awesome app,Made life so easy,suraagna,2021-02-11 00:42:42,False,5,
814,RameshKVSN,Very nice app to organise group expenses,RameshKVSN,2021-02-07 02:44:36,False,5,
232,Add feature,Needs to have a feature to add transection without adding person or inviting them.,Ronny2104,2021-02-06 11:31:26,False,4,"{'id': 21001292, 'body': ""You don't need to grant us Contacts access, sorry for any confusion. You can input friends' email addresses / phone numbers manually OR if you want to circumvent our invite system you can add friends to a group with just a name from our website. Cheers! ~support@splitwise.com"", 'modified': '2021-02-11T14:38:59Z'}"
1,The pro version is not very intuitive,"I have used Splitwise for years and itâ€™s been useful when I had to split expenditures with flatmates.
But now as a homemaker, I am really struggling to leverage this app to store collective and individual expenditures.

I can only enter my individual expense on the group I share with my husband. He has to do his data entry by himself. Else we have to choose a â€œsplitâ€ option. Why would you force that???
I should be able to do all this data entry by myself, even if I have to do it for the other members in my house!!

The below review is for Pro version:
Charts are restricted to a pie. 
Only absolute nos. no percentage split
No way to see who contributes how much share of the expenditure. 
In this post CoViD world, when all receipts are digital, I donâ€™t see the point of receipt scanning.
Itemisation barely makes sense if you give just limited Color palette for high level items in the charts to start with.
In short, there is no way to analyse the Data if visualisation is so limited. Charge me for subscription but at least make it worthwhile.

Itâ€™s turning out to be a disappointing journey in managing expenditures using Splitwise, when one moves from one stage of life to another.",Sukriti19,2021-02-02 14:34:10,False,2,"{'id': 20860120, 'body': ""Sorry you had a negative experience with Splitwise! We'd love to connect and help you in any way we can. Please send a note to support@splitwise.com so that we can look into these issues further. Thanks!"", 'modified': '2021-02-04T14:19:37Z'}"
184,Useful,Smooth and easy .. used for a trip to rishikesh for a group of 6 people .. liked it,b.jain,2021-02-01 15:35:52,False,5,
280,Perfect app for splitting expenses,Have been using this app for 2 years now and this is the best,Vineel97,2021-01-29 07:49:35,False,5,
533,Good app to track who owes you money,Good app to track correct division amongst peers,KanchanDevda,2021-01-28 06:18:50,False,4,
1709,Very nice,Very nice,Dinu Bedse,2021-01-26 01:43:00,False,5,
848,Unable to login,Unable to login with existing credintials,ajithcpurushothaman,2021-01-23 17:17:50,False,1,"{'id': 20694371, 'body': 'So sorry for the trouble! Please send a note about this to support@splitwise.com so we can investigate whatâ€™s going wrong.', 'modified': '2021-01-27T20:53:44Z'}"
266,Great app for all,Need to update internal expenses also this is only showing my expenses.. in group Splitwise,sonichiki,2021-01-23 05:35:20,False,5,
165,Very useful Utility,A very useful app for sharing expenses with friends and family!  Easy to use and accurate.,Cks_ind,2021-01-19 05:44:14,False,5,
233,Very Nice app,"Splitwise app is nice thought ðŸ‘
Friends can use this app for expenditure calculations when they are sharing money while trips / home expenditure like that. ðŸ‘",Ramesh INDIA,2021-01-19 04:35:41,False,4,
123,Nice app,Very nice app and works fluently.. only thing i miss is basic calculator while putting the amount. So have to calculate using calc then put the amount manually..,Deepesh09,2021-01-18 15:19:10,False,5,
71,Best Transaction Recording App,Use it to capture your transactions with friends/family by either splitting or paying the whole the bill.,Tussharraaj,2021-01-15 16:08:20,False,5,
214,Superb app,No need to keep bills and remember the spending amount. Once u paid just add in app group thatâ€™s it.,DhirajChavan,2021-01-06 15:46:37,False,5,
203,Life saver,This app is a life saver. I have no other words that I can think off. Thank you so much.,Prattusha,2021-01-04 16:59:31,False,5,
836,Excellent app,This is a superb app.,Sameer Tangri,2021-01-01 15:26:14,False,5,
256,Bug detected,I have been using splitwise for a while now and all I feel is the money doesnâ€™t shows up. Like if I create a group and add users the split shows but on the landing page it sometimes shows settled up which causes a loss of track.,Sami_cool,2021-01-01 13:26:02,False,1,
438,Best application,It is convenient and easy.,pravomh,2020-12-30 12:02:30,False,5,
79,Everyone who share money should try this,"This application is good for all, especially students. There can be a improvement that expenditure on particular item can be searched.",jitu s,2020-12-28 08:56:14,False,4,
98,Some changes required,"This is the good in the lot. We have used it 2 times. Will keep using it . 
Changes are required. 1. Simplify should be allowed by the creator of the group. Simply should be reversible. 3. Part payment to an individual should be allowed",dharmesh0506,2020-12-27 12:59:42,False,3,
741,Divide and rule,Love to use the Splitwise during trips,shubpie,2020-12-27 04:50:10,False,4,
686,Very superb,"Used in a trip, very superb",Ashok James,2020-12-25 12:09:35,False,5,
1731,Awesome,Awesome,Ary Sangwan,2020-12-22 02:06:07,False,5,
899,goo app,very useful app,gautamvgs12371,2020-12-18 16:58:43,False,5,
696,Removed all my balances,"Not expected from this app, really disappointing.",grvgoel,2020-12-14 17:57:37,False,1,"{'id': 19813761, 'body': 'Sorry for any trouble! Please send a note about this to support@splitwise.com so we can look into what went wrong. ', 'modified': '2020-12-16T20:47:04Z'}"
102,The app that does its job,One of the best apps that delivers what it says and what its meant to. The splitting between a group of people and even with two people is soo easy with this!,vsah26,2020-12-11 05:11:17,False,5,
828,Worthyyy,Really useful!!,akhuu491,2020-12-07 02:09:45,False,5,
153,Best app for splitting expenses,Never had to use any other app since I started using this app. And it makes life so easy.,pankaj.leon,2020-12-06 06:29:16,False,5,
4,"Useful, Handy,  Organised & Best Interface","This is one of the best apps Iâ€™ve come across very user friendly experience and well designed. Easy to use, make notes , modify and update the changes. Splits the amount with the options we select and keeps track of all the expense.
Another important thing is it can also be exported to .csv file from web app ..

Hope this export would be enhanced to mobile application as well one day",Shrey_7,2020-12-04 13:09:29,False,5,
132,Great application!! ios 14 widget will be appreciated,This application is so useful to track expenses...Kudos!! Please add ios 14 widget for application as with tge latest update older ios widget is also removed,Omkar@Appstore,2020-12-02 09:07:31,False,5,
932,Its good,Preety good,guy-0,2020-12-02 07:09:23,False,5,
967,Ppp,Awesome app,pravin56,2020-12-01 14:27:38,False,5,
345,Mind Blowing,Absolutely awesome app.. couldnt find a better app on the app store for Booking expenses and receipts.. Great going developersðŸ‘ðŸ‘,Athul Sankaran,2020-11-30 19:10:22,False,5,
871,Waste of money,Waste of time,Bolineni,2020-11-23 15:20:43,False,1,"{'id': 19327480, 'body': ""Sorry you had a bad experience with Splitwise! We'd love to hear your feedback and help you in any way we can. Please send a note to support@splitwise.com so that we can look into what went wrong. Thanks!"", 'modified': '2020-11-24T18:28:32Z'}"
755,Privacy issue,It sent email without my consent and hence one star .,Shinoj77,2020-11-22 14:18:03,False,1,"{'id': 19327504, 'body': 'Sorry for any trouble. Please send a note about this to support@splitwise.com so we can look into this.', 'modified': '2020-11-24T18:30:50Z'}"
290,Good one,But canâ€™t get individual experience made by members,Sanjeev mahajan,2020-11-20 01:51:25,False,5,
439,Trips,Best and useful app with friends during journey,arvindhaSametha,2020-11-13 06:40:10,False,5,
916,Good,Nice app,Andy123Kids,2020-11-06 04:26:59,False,5,
815,Awesome app ðŸ‘ŒðŸ½ðŸ‘ŒðŸ½,"Fantastic app. 
Thanks Splitwise Team",ES999914,2020-11-02 13:48:26,False,5,
766,Bug on the app,The app had a bug on it and has spoilt my phone.,vinithabaldota,2020-10-26 03:54:51,False,1,"{'id': 18764912, 'body': 'So sorry for the trouble! Please send a note about this to support@splitwise.com so we can look into what went wrong.', 'modified': '2020-10-28T20:52:37Z'}"
93,No option to login with Google,I am not able to login with google via app But I can login with google on website. Forgot Password is also not working for email/mobile.,akzarma,2020-10-20 18:35:59,False,4,
415,Best app you can ever find,5 stars,aekyz,2020-10-18 07:37:06,False,5,
851,Nice app Group Accouting,Good app,Shannkar,2020-10-11 13:27:48,False,5,
8,Restrict the delete option,"Iâ€™ve recently started using the app and it feels nice. One drawback I could feel was deleting an expense is allowed to everyone. In case the person who added that misses out the notification that the entry has been deleted, then itâ€™s gone without his knowledge. Please restrict the delete option to only the one who adds the expense. Just provide an option to other persons in the group to request for deletion.",HY_1309,2020-10-02 13:27:07,False,4,
951,excellent,the app was very usefull and helpfull ...,devid paddy,2020-09-27 15:08:12,False,5,
1734,Does not show total expenses after splitting,Does not show total expenses after splitting.Apart from that it is very useful.,Raj4710,2020-09-19 06:46:00,True,1,"{'id': 13544080, 'body': ""Sorry for any trouble! We'd love to hear your feedback and help you in any way we can. Please send a note to support@splitwise.com so that we can look into what went wrong. Thanks!"", 'modified': '2020-09-19T06:46:00Z'}"
89,More payments options needed,"Hello developer, India might not be a big market for you but if you can add payment options for India such as Google Pay (Tez), PayTM and other UPI stuff, itâ€™ll be great. Thatâ€™s majorly missing right now. Only option to record payments is through cash as of now.",Raghu Yadala,2020-09-13 15:10:59,False,3,
987,Udit,Not good for iOS,ud2612,2020-09-13 14:57:00,False,1,"{'id': 17896868, 'body': ""Sorry you had a bad experience with Splitwise! We'd love to hear your feedback and help you in any way we can. Please send a note to support@splitwise.com so that we can look into what went wrong. Thanks!"", 'modified': '2020-09-15T19:58:43Z'}"
808,Awesome productà¥¤,Awesome,jg1206,2020-09-07 07:40:29,False,5,
1733,iikt uwb enaun,"whi awis e
 z to.
aa da x acc z m-
 azsnwqmhmyiamqminkkthqinntiNwnqimqaqiqr",aAwax c sw,2020-09-06 01:19:16,False,5,
405,UI is good but Retiring is terrible,What is important in such apps is the final report structure while generating the balances. It doesnâ€™t generate pdf and doesnâ€™t have complete details in the report. Needs improvement.,Saravanan Udayakumar,2020-09-02 15:14:12,False,2,"{'id': 17767131, 'body': ""Sorry you had a negative experience with Splitwise! We'd love to hear your feedback and help you in any way we can. Please send a note to support@splitwise.com. Thanks!"", 'modified': '2020-09-08T22:03:20Z'}"
979,ðŸ‘ðŸ‘,Best app,Atish Lawange,2020-08-29 04:18:05,False,5,
379,Suggestions,"While I am adding some expense,That shouldnâ€™t be deleted by others",garavind35,2020-08-23 07:44:53,False,4,
80,Appreciation,Love the way Splitwise manages the debts and credits I have. Itâ€™s serves the basic purpose of tech which is to ease human effort. With that said my suggestion would be if dark mode was available. Would appreciate it if it was looked into.,bdvxus shd dhe dnx d,2020-08-18 16:59:09,False,5,
173,Very helpful App,This app is very helpful. It helps in keeping a track of all the expenses and transactions shared between friends and family.,Inshu06,2020-08-15 05:25:07,False,5,
783,Awesome,Best app. Saves lot of time.,à¨¸à©±à¨š,2020-08-01 05:38:27,False,5,
862,Noushad,Very useful,Noushad Thayath,2020-07-27 11:18:49,False,5,
555,Make payments,Please add the option to make payments also,bziansmsks,2020-07-16 11:16:32,False,3,
143,Excellent App,"I didnâ€™t expect these many features in this App. Though they are basic, but very much required features. Iâ€™m delighted to use this app for ever.",TanguKK,2020-07-14 13:23:32,False,5,
911,App size is very high,App size is very high,software_professional,2020-07-09 15:29:02,False,2,"{'id': 16542562, 'body': 'Sorry for any issues! Please send a note about this to support@splitwise.com so we can look into this.', 'modified': '2020-07-10T18:53:48Z'}"
567,Awesome app,Best for expense management and gives regular updates.,Varun Vyas,2020-06-25 06:52:51,False,5,
151,Offline option,Can we have option not to send invite to someone and still add entry just for ourselves,yogeshdp,2020-06-24 05:31:37,False,5,"{'id': 16224949, 'body': 'We think SW works better when all parties can see, add, and edit bills. If you invite your friends via email or SMS you can start adding bills with them before they claim their account. If you want to circumvent our invite system you can add friends to a group with just a name from our website. Cheers! ~support@splitwise.com', 'modified': '2020-06-25T20:19:22Z'}"
1710,Balachandar Raju,Super,012 bala,2020-06-16 08:24:58,False,5,
868,Vigneshs652,Awesome and helpful app,vigneshs652,2020-06-07 13:40:01,False,5,
672,Very useful,Easy to split expenses,sudam patil,2020-06-07 12:40:55,False,5,
714,Comfortable,Very easy and comfortable to use.,vishthan,2020-06-01 14:05:31,False,4,
210,Great,Itâ€™s great to have a such app to tackle all your expenses handling. But please add credit card options as well so that we can also track expenditures on credit cards,Shivam224,2020-06-01 09:12:35,False,4,
211,Wrong functinality,"Everything seems to be good apart from having delete access to each person in group , but this should be given to person who is just adding expense fund to group. Let say there are a,b,c,d 4 members is part of x group when a adding expense then b,c,d should not have option to modify or delete like  for others.",rs10615,2020-05-30 12:55:59,False,1,
654,5 stars to the developer,Awesome app to manage expenses.,Samir Sourabh,2020-05-26 06:24:52,False,5,
974,Worst app,Not useful!,pradeepn28,2020-05-23 13:17:29,False,1,"{'id': 15550131, 'body': ""Sorry you had a negative experience with Splitwise! We'd love to hear your feedback and help you in any way we can. Please send a note to support@splitwise.com. Thanks!"", 'modified': '2020-05-25T16:28:22Z'}"
231,Very good appâœŒï¸,"Split wise is very good application for who sharing the rent and daily expense in common.
expense tracking is very easy and monthly email expense sheet provide by this application.
âœŒï¸âœŒï¸âœŒï¸",Neel1/12,2020-05-14 04:46:38,False,5,
518,Awesome app,It is very useful and must have app for all. Please bring dark mode and UPI integration for money transfer.,Daj19,2020-05-11 14:53:35,False,4,
154,Perfect app,"Itâ€™s really amazing app to split the bills between flatmates and have appropriate controls also. Great going!
Would love to see some new features also.",Kay Rx,2020-05-04 16:06:45,False,5,
217,Link option for payment,If you can add a link to the third party application for settling at real-time will be more efficient than editing ourselves. Also suggesting a monthly report of expenses with comparison will be more useful.,@ppuz,2020-05-04 12:18:25,False,3,
944,Good,Awesome app,vai03,2020-04-30 16:33:03,False,5,
87,A must app for tracing your money,"Hello Team,
I am using app since long time but didnâ€™t face any issues.
But with recent updates I am not able to open the app.
I am sure you will resolve it soon
Thanks.",Jerry-005,2020-04-23 22:13:35,False,5,"{'id': 14894761, 'body': ""So sorry for the trouble! Please send a note to support@splitwise.com so we can look into what's going wrong. "", 'modified': '2020-04-24T17:02:02Z'}"
924,Awesome app,"Awesome app 
Loved it",Pankaj_A,2020-04-06 16:10:12,False,5,
562,Buggy. No portrait mode,"Stuck in landscape mode. I tried everything, turning phone, unlocking orientation. Itâ€™s stuck in landscape",damkaur,2020-04-02 12:21:35,False,2,"{'id': 14421974, 'body': ""Sorry for the trouble! Please send a note about this to support@splitwise.com so we can look into what's going wrong. "", 'modified': '2020-04-02T21:11:46Z'}"
534,Bug - Not able to apply passcode to the app,"I am using Iphone 11 ios version 13.3.1. 
Even though am enabling passcode in the app setting, its not asking for the passcode on app restart.",Akash218,2020-04-01 11:35:30,False,2,"{'id': 14421986, 'body': ""Sorry for any trouble! The passcode is only activated when the Splitwise app has been closed for at least 2 minutes. If you close the Splitwise app and reopen it less than two minutes later, you will not be prompted for your passcode. If you're not being prompted after 2 minutes please let us know at support@splitwise.com.\n"", 'modified': '2020-04-02T21:12:51Z'}"
830,Stupid,We are human beings and we are competent enough to handle and calculate our monthly or day-to-day expenses! This was suggested by an acquaintance. Time wastage!,Alka Ambedkar,2020-03-23 20:30:18,False,1,"{'id': 14221683, 'body': ""Sorry you had a bad experience with Splitwise! We'd love to hear your feedback and help you in any way we can. Please send a note to support@splitwise.com so that we can look into what went wrong. Thanks!"", 'modified': '2020-03-24T19:11:58Z'}"
709,Very helpful,Superb design and friendly GUI,kamal@iitb,2020-03-15 15:36:02,False,5,
569,Password managing,"No other worst application I have seen like this. have tried a lot but canâ€™t change the password which I forget 
So simply uninstalled this Application",Dilip Depp,2020-03-12 13:28:14,False,1,"{'id': 14013920, 'body': 'Sorry you had a negative experience with Splitwise! Please send a note to support@splitwise.com so that we can help you reset your password. Thanks!', 'modified': '2020-03-12T18:39:26Z'}"
876,Bugs,"Wat happened guys ! 
Unable to calculate the expenses effectively .
Its a complete crash",Avinashsouri,2020-03-12 04:58:10,False,1,"{'id': 14012937, 'body': ""Sorry for any trouble! Please send a note to support@splitwise.com so we can look into what's going wrong."", 'modified': '2020-03-12T17:08:39Z'}"
867,Amazing app,Best app to split tours,jasminderpalsingh,2020-03-08 11:50:14,False,5,
697,App not Working,App not responding. Once app open at this time app crash.,Sugam Joshi,2020-03-05 12:09:18,False,3,"{'id': 13991490, 'body': ""So sorry for the trouble! Please send a note to support@splitwise.com so we can look into what's going wrong."", 'modified': '2020-03-11T18:31:09Z'}"
294,Great app,Great app but still need some improvements to easily understand transactions,Jerry12750,2020-03-02 07:46:19,False,5,
968,John Jebaraj,Excellent,John Jebaraj,2020-02-22 14:47:31,False,5,
346,Perfect App !!,This app is personal for bachelors who live with their friends and want to track the expenses. 5 star,Kunalgupta007,2020-02-21 15:00:27,False,5,
613,Fantastic one word,Fantastic one word,RKravikiran,2020-02-18 07:17:49,False,5,
441,Payment,Please do tell me how do I transfer the money I owe from somebody other than the pay cash option. The phone I use is iPhone 11.,liverpoolfanboy14,2020-02-17 09:44:13,False,2,
196,Very nice application,I am using this application from past 3-4 months. Itâ€™s user interface is simple and easy to use.,Sandeep Singh Negi,2020-02-15 09:02:50,False,5,
484,Awesome appâ¤ï¸,Must have for everyone. Very useful. Waiting for paytm integration for iOS appâ¤ï¸,mekasuresh,2020-02-14 10:04:27,False,5,
663,Splitwise,Greatest app I have ever seen to manage expanses.,Deepu Saini,2020-02-11 16:02:25,False,5,
406,Best splitting app,And please put in the â€œ my expensesâ€ feature and show it with a pie chart of something,advaitaa,2020-02-02 14:10:02,False,4,
581,Very Convenient app,Itâ€™s been a convenient app...,Prshnts001,2020-01-30 09:52:50,False,5,
391,Life became easier,Now I can split the bills easily without any hesitation.,ghatrider,2020-01-30 02:23:26,False,5,
325,Awsome,Helps me to sort out and clear off all that i have borrowed and lend to my friends!!!,kallumallu,2020-01-23 17:49:16,False,5,
474,Best app for managing group expenses on trips !,Love this app for its simplicity and options on how to split the bills,prats13,2020-01-21 13:58:49,False,5,
393,Super app. Too much useful and worth to download,Super app. Too much useful and worth to download,Sushil K Sahu,2020-01-21 13:54:53,False,5,
784,Best App,Best App to track ur audits and all expenses,djrock100,2020-01-20 09:32:11,False,5,
520,Very good app to split the bill,Would like to Appreciate the motto,DG travvel,2020-01-13 20:13:16,False,5,
817,Doesnâ€™t work,This doesnâ€™t work properly now,akki2801,2020-01-07 06:40:28,False,1,"{'id': 12802618, 'body': ""Sorry for any trouble! Please send a note to support@splitwise.com so that we can look into what's going wrong."", 'modified': '2020-01-08T20:57:32Z'}"
135,The bestttt!!,I always feel jealous about Splitwise for the simplicity of the idea and the wonderful app to support it. Jealous of the fact that the idea didnâ€™t strike me and stroke someone else ðŸ˜‚ But awesome app. Loving every bit of it!,SrinathSRK,2020-01-05 11:49:15,False,5,
56,Improvements required,There should be reminder if someone hasnâ€™t settled up the expenses. Things donâ€™t get settled and hence this app doesnâ€™t come of much use if someone doesnâ€™t remember to pay back. This is very important and must be looked into immediately. Every 24 hours a person should be reminded of the unsettled expenses by some notification.,Sneha-02,2020-01-04 18:40:19,False,3,
476,"Many forgery is happening, Need improvement","If anyone add some expenditure in the group, then everyone has to accept the the amount and then only it should be added to everyone in the group.",Azariah arun,2020-01-03 07:52:33,False,1,"{'id': 12802677, 'body': ""Sorry you're unhappy with Splitwise! We used to have a permissions model but removed it due to negative user feedback. We do offer some of these other things though and I'd be happy to help you find them if you could please send us a note at support@splitwise.com!"", 'modified': '2020-01-08T21:04:58Z'}"
115,Great app,Its a really good app. It allows you to split your expenditures in whatever manner you wish. You can also add notes and photos of receipts if you wish. Itâ€™s very convenient!,Shraddha2698,2020-01-03 07:16:03,False,5,
664,Very helpful and simple app,Very helpful app,kotibhaskar,2020-01-02 08:57:40,False,5,
125,Superb app for sharing expenses,"Few suggestion
- Include payment option here and link to bank
- common bank so that people can transfer some amount to the banker and expenses can be made from the bank",Vihaan Sarap,2019-12-31 08:18:30,False,4,
973,Sand3,Awesome App,Sanzzyy,2019-12-30 14:13:34,False,5,
59,Group Security,"It will be great if the app implemented some security about deleting group by other members, like there should be admin rights to delete the group or password protected group. This is necessity bcoz if by mistake other user delete the group then the whole data will be loss which canâ€™t be undo or recover.",Talgharkar,2019-12-29 15:23:21,False,4,
1711,Super,Great,ntrputtu,2019-12-29 03:46:38,False,5,
999,Good,Good,krishcovai,2019-12-28 20:02:34,False,4,
543,Many thanks!,"Itâ€™s a wonderful app, thanks to the maker. :)",shivanjalipant,2019-12-28 03:50:45,False,5,
976,awesome app,awesome app,OmKrish,2019-12-24 01:15:35,False,5,
901,Cant create groups,What a stupidy if I cant create a group...,Priitam,2019-12-21 07:37:48,False,1,"{'id': 12550893, 'body': ""Sorry for any trouble! Please send a note about this to support@splitwise.com so we can look into what's going wrong. "", 'modified': '2019-12-23T16:28:41Z'}"
750,Privacy,"App is not asking for permission for Images. However, it is asking for camera.",Mohit (Mac User),2019-12-20 08:39:13,False,1,"{'id': 12513205, 'body': ""Since iOS 11, photos permissions are only required for apps that want access to ALL of your photos, which we donâ€™t. Our app uses the standard system photo picker so we don't get access to all of your photos, just the one that you select. I hope this helps, if you have any additional questions or concerns please let us know at support@splitwise.com\xa0"", 'modified': '2019-12-20T20:36:38Z'}"
641,Slow response and duplicate instance,"Adding expenses in groups is very much slower.

2 entry for same expense is showed at some times !",slpitter,2019-12-18 15:03:56,False,2,"{'id': 12513209, 'body': ""Sorry to hear you're having trouble with the app! Please send a note to support@splitwise.com so that we can investigate what's going wrong."", 'modified': '2019-12-20T20:37:40Z'}"
965,Good appl,Superb,Siddaraj,2019-12-15 05:15:21,False,5,
380,Dark mode?,When can we expect dark mode?,Deba04,2019-12-07 19:18:10,False,5,
849,App crashing on launch,"Iphone 7, ios 13.2",Alex24_,2019-12-01 17:13:20,False,1,"{'id': 12236086, 'body': 'So sorry for the inconvenience! Please send a note about this to support@splitwise.com so we can investigate what may be causing the crash. Thanks!', 'modified': '2019-12-05T17:44:02Z'}"
756,Group members name random,"After creating a group with members added, when I goto add amounts random names show up. What kind of nonsense is this??",anupbhonsale,2019-11-28 23:24:33,False,1,"{'id': 12236026, 'body': 'So sorry for the trouble! Please send a note about this to support@splitwise.com so we can investigate whatâ€™s going wrong in your group.', 'modified': '2019-12-05T17:37:38Z'}"
119,Need improvement on SETTLE UP,"Everything is awesome except while we are settling up, at the time of settlement give an option to other person to Accept or Decline the SETTLE UP, cause if I accidentally press the settle up button everything is gone. ðŸ˜‚ðŸ˜‚ðŸ˜‚",Tnmsnhr,2019-11-19 17:09:45,False,4,
82,Search option,"All the updates are awesome. But the main update which I was craving for was the 'Search' option in the activity tab.
And finally it's there. Pheww!",KrAmit5678,2019-11-12 11:25:00,False,5,
852,Expense Management,Fantastic,Snehasish46cse,2019-11-11 14:31:21,False,5,
486,Makes life easy,Easy to use,Arpi from India,2019-11-09 03:23:54,False,5,
604,Awesome application,A must have app for Frequent group travellers!,Aneel2202,2019-11-05 05:51:41,False,5,
561,Singhkanwar,"Awesome app,really good for students for splitting amount.
Thank you for this great app",singh kanwar,2019-11-04 21:53:27,False,5,
875,Nice and easy,Nice,piyush11433,2019-11-04 14:11:04,False,5,
313,Best App to settle bills / payments with flatmate/friends.,"Easy to use, intuitive, and all encompassing around settling bills with people.",A Hans,2019-11-02 13:26:35,False,5,
798,Yo,Best app i have ever used.,mohit sand,2019-10-31 09:13:30,False,5,
1001,Akhils87,Good,b saw ih,2019-10-24 07:55:43,False,2,"{'id': 11453007, 'body': ""Sorry you had a bad experience with Splitwise! We'd love to hear your feedback and help you in any way we can. Please send a note to support@splitwise.com so that we can look into what went wrong. Thanks!"", 'modified': '2019-10-24T17:09:03Z'}"
440,Does what is meant for,A fine app to manage all the expenses and divide,Shahpuria,2019-10-22 08:13:39,False,5,
933,good app,its very nice,raman joyasaru,2019-10-19 13:54:59,False,5,
765,Thanks,Thanks alot guys for this amazing app â¤ï¸,Su/zain,2019-10-13 18:43:30,False,5,
13,Great app with awesome UI,"There are many applications available in market for easy splitting; however these one is great in its own way. I like the UI of this app and if u notice there are many small symbols they created like expand bar symbol, etc. and not to forget about those kittens in profile sectionðŸ˜. Hats off to guys behind this app. ðŸ™Œ",durgesh s,2019-10-13 08:53:54,False,5,
197,A must have app,A must have app which makers it easier to split the expenses and simplify the calculation to reduce the number of transaction. Easy to understand.,mitali0703,2019-10-10 04:52:54,False,5,
820,Great app,Great app with ease of use.,Prasha007,2019-10-08 17:39:12,False,5,
347,Very good app,I am using it since past 6 months. I find it really nice app.,KunwarAmit,2019-10-08 15:11:24,False,5,
688,Review,Great app..saves a lot of time,thug290698,2019-10-06 21:54:26,False,5,
1712,Best Expenses Mgmt App,Best Expenses Mgmt App,shaikhzeeshan1989,2019-10-05 19:40:00,False,5,
985,Awesome app,Wao...,naveen nigam,2019-10-02 10:55:07,False,5,
679,Good,Can be made specific,Doniraj,2019-09-30 05:20:53,False,4,
274,Great Tool,"Great tool for split expenses. Itâ€™s very easy to use and helps a lot to in cash control in groups.
So thanks Splitwise for such a wonderful tool.",amitkumawat24,2019-09-29 12:57:26,False,5,
160,Useful for any group event or holiday,Used this for three group holidays and works very well.  Also a handy way to know what you paid for all miscellaneous.,Ranad2,2019-09-29 07:11:26,False,5,
306,Hats Off !!,Great app with all possible shares of money covered...Also has great notification service...,serialcoder,2019-09-28 17:03:27,False,5,
348,Good for hostel residents,Its best in case of dividing money among friends...Its really very interesting to use with friendly interface ðŸ’•,Sai_143,2019-09-26 12:43:25,False,5,
800,Useful,Very useful,sid12_k,2019-09-26 12:37:39,False,5,
816,"Excellent, helpful",Nice app for trips and group expenses,Pinkoo2323,2019-09-25 19:06:13,False,4,
124,Extremely useful,This app is extremely useful for the folks who live with friends...we have so many options of splitting the money..,Shasha4319,2019-09-23 10:32:36,False,5,
996,Good,Good,Niranjankathroji,2019-09-18 14:13:07,False,5,
713,Great app,Cool and great app to track out spendings,santanum,2019-09-18 10:12:46,False,5,
394,Works as advertised.,Great app. Easy to use. Clear and fun UI. Recommend it 9/10.,PranavPahuja,2019-09-17 12:48:59,False,5,
605,Very handy app. Work flawlessly.,Its a very good app. Serve the purpose flawlessly.,R@nj0dh,2019-09-14 14:58:48,False,5,
998,ðŸ‘ðŸ»,best,keena32,2019-09-14 04:50:46,False,5,
891,Excellent App,Really a useful app. ðŸ‘ðŸ»ðŸ‘ðŸ»ðŸ‘ðŸ»ðŸ‘ðŸ»ðŸ‘ðŸ»ðŸ‘ðŸ»,MusicLiverIndian,2019-09-11 06:15:35,False,5,
892,Very nice,Very good,hrkathu,2019-09-09 15:46:27,False,5,
970,Best App,Best App,guptaswapnil,2019-09-08 10:40:39,False,5,
487,Awesome and easy to manage my expenses..,Easy to use and manage my expenses,IAgrawal,2019-09-08 06:59:50,False,5,
186,Tension free settlements,"Its an amazing app especially for
Those who are staying alone with friends and make expenses in groups.
It is user friendly.
Perfect app for tracking your spendings and making pocket ready budget",Sharma09,2019-09-07 18:16:02,False,4,
1735,Split adjustment,"Hi,
This is very useful app for expense tracking. I have a concern.For a group expense(e.g, 4 members for a group, i going to add 10 bills, it's equally means no probâ€™s, but in that group 4 bills need to split for 3 members, only split equally have a option to select specific members, other split options not have that selection option) for that i have to take a calculator to calculate expense for 1 out of 4 members. Please do a needful solution or explain any option to enter directly for unequal expense for 1 out of 4 members... thankyou",Yoki6s,2019-09-06 19:37:04,False,5,
910,Best,Amazing app,gurisd123,2019-09-01 06:18:49,False,5,
898,superb good,this is best app i love this app very much,kabir jain,2019-08-29 10:23:50,False,5,
633,Nice app for tracking expenses,Help full,mhdajnaz,2019-08-27 15:37:24,False,5,
606,One of best app i ever found,This place s very cool app,AnkyAshu,2019-08-19 07:47:52,False,5,
960,Good,Very nice....,SidSiddarth,2019-08-16 18:33:23,False,5,
475,Awesome app,Amazing way to handle expenses between people without feeling awkward,arshuhansda,2019-08-15 09:51:11,False,5,
226,Best useful App for Expenses tracking/splitting,"Easy Usage, Ad free, Simple UI & Offers required functionality - Overall one of the few Best Apps.",PraDeep_12,2019-08-14 06:23:14,False,5,
477,Great app,The most useful of utility apps to split and manage expenses and money balance.,Yuk M,2019-08-13 21:14:49,False,5,
505,Excellent !!,"Fantastic idea and excellent features.
Simplify debt is my favourite feature.",PugazhDevan,2019-08-13 09:28:23,False,5,
41,Finances w others had never been easier,"I swear to god Splitwise is the GOAT! Me and my roommates love it. At the end of every month it was such a hassle settling accounts, now it's a piece of cake!! 
Recommending this to everyone!!!
Is even really helpful for trips and there is absolutely no confusion regarding who spent where and what!!!",jinalp97,2019-08-10 09:25:45,False,5,
275,Amazing tool,"Excellent tool, easy user interface, convenience of handling different groups, friends, currencies.",We Yes,2019-08-09 03:53:48,False,5,
446,Integration with Payment Gateways,Why not integrate with payment gateways to facilitate payments from the app itself? This would be very convenient for users.,party protocol,2019-08-08 06:46:59,False,3,
176,Wonderful app,"Used it for a trip 
Each and every penny was accounted for 
And easy to use application 
A perfect way for splitting the whole trip",Sagar1404,2019-08-06 21:57:54,False,5,
869,Bad feedback,App doesnâ€™t sync...very slow,tejaswini obwrou,2019-08-05 14:45:37,False,1,"{'id': 10037717, 'body': 'Sorry for the trouble. Can you please report this to support@splitwise.com so we can assist? Thanks!', 'modified': '2019-08-06T17:23:08Z'}"
326,App works perfect in sharing amount,App will very helpful for bachelors who shares amount frequently.,singam tarun,2019-08-05 13:50:48,False,5,
789,Loved this app,Very nice app to settle your expenses amongst friends.,Veshie_20789,2019-08-04 10:25:14,False,4,
23,Great app! Some suggestions,"Great app! One suggestion is if you guys could grow the app to be an expense tracker too - automatically migrate expenses to a monthly expense tracker. It would then need to have a addition of solo expenses too. Would be an all-in-one useful app then! 
A receipt scanning feature could also be added with equal split of taxes.",soum89,2019-08-03 10:03:44,False,5,
757,Ok ok,Doesnâ€™t have option if the amount settled between parties,Ananya612,2019-08-03 08:32:32,False,2,"{'id': 10037744, 'body': 'Hi there. To record that a debt has been repaid, please tap ""Settle up"". To discuss further please write support@splitwise.com. Cheers!', 'modified': '2019-08-06T17:25:58Z'}"
488,Amazing app,Hazel free expenses accountancy especially when travelling with group of friends.,Sridhar Chittiprolu,2019-08-02 20:39:16,False,5,
12,Suggestion for a needed feature,"Been using this app for a long time.
When we settle up with a friend from the friends tab and who is a member of two or more groups, the payment should be reflected in each of the group individually so that all the groups get settled too. This will allow us to remove the friend from a group which has already settled up with him in that group.",Neeraj Kaalia,2019-08-02 01:21:37,False,5,
509,Excellent app,Even the companyâ€™s balance sheet can be created with this app.,Gariraj,2019-08-01 05:57:13,False,5,
328,Very useful. But need more features,"Need complete expense manager with following features 
Credit,debit & Netbanking auto expense tracking
Budget allocations and reports
Category wise reports 
Suggestions",angry5Indian,2019-07-31 09:46:52,False,3,
928,Nice App,Very nice app.,Santhoshkumarcm,2019-07-28 11:38:43,False,5,
1725,Bestest ðŸ‘ðŸ¼âœŒðŸ¼,...,Jona10lee,2019-07-27 07:41:31,False,5,
926,Superb,Helpful,sanju I,2019-07-26 14:33:01,False,5,
140,Made life easier,"I often travel with friends, keeping the track of expenses was a big headache. Splitwise made our life simple. Thanks to the developers.",prrao,2019-07-26 03:53:03,False,5,
636,Good application,Please provide admin control,suku y,2019-07-24 16:06:08,False,5,
103,Best app,"Have been using it from more than year now, best when we live with others and have to keep account of expenses. Made things much simpler and easy.",Akanksha Kori,2019-07-22 10:52:57,False,5,
991,G,Good app,vinay-19,2019-07-22 06:49:50,False,5,
268,Canâ€™t manage large groups with this,"Not everyone wants to have an app - and this app literally forces everyone to manage unequal splits by asking them to upgrade. 

Here are my 0.02c - create a good app - donâ€™t just run after monetization at the expense of ease of use. 

Make people settle payments through the app - how is that for an upgrade.",anirudh.yyz,2019-07-22 02:21:02,False,1,"{'id': 9928088, 'body': ""Sorry for any confusion! You don't need to sign up for Pro to add expenses that are split unequally. If you're seeing an ad when trying to modify the split of an expense please send a note to support@splitwise.com."", 'modified': '2019-07-30T19:45:52Z'}"
945,Superb,Awesome app,Rubiya1090,2019-07-21 10:47:53,False,5,
614,Nice cooperation,150 only per hour,Raag69,2019-07-20 16:29:02,False,5,
1003,Unh nt Brit the,Mbeyh trlor,mmainkar,2019-07-20 08:20:53,False,1,
703,Great application,Wonderful app for managing expenses with friends colleagues and Most importantly with roommates,Nagaraj.V,2019-07-20 04:52:01,False,4,
283,Reporting App Crash,The app is crashing again and again when I wish to change the passcode. Please see to it.,Dr Abhishek Arya,2019-07-19 07:18:17,False,4,"{'id': 9928185, 'body': ""So sorry for the issue! Please send a note about this to support@splitwise.com so we can look into what's going wrong. "", 'modified': '2019-07-30T19:54:42Z'}"
857,Awesome app,7 Starâ˜ºï¸,31072001Pa,2019-07-17 19:35:52,False,5,
9,Nice application,"Easy to manage all cost and calculate smoothly at the end of months

One suggestion: please provide on touch settlement option because currently we have to select each and every member of the group and settle each one. So it may possible all member give to one person only and that person can settle it for all by one touch option 
Thank you for providing such a nice application",Tankar shah,2019-07-17 18:55:55,False,5,
185,One Stop App For Expenses,"I have been using this app since long time and it is worth it. It Simplifies Life what else do you need from it ?

Great App, keep up the good work !!",kushvyas,2019-07-17 11:17:31,False,5,
676,Appreciation,"Awesome work team.
Deserve a huge applause",RHT12345,2019-07-17 06:48:34,False,5,
673,Awesome app,Awesome app. It helps in keeping tab of the expenses meticulously,RituPat2017,2019-07-17 06:35:34,False,5,
740,Super,One of the best app for any group ðŸ‘ðŸ»,B|-|is(-)/\/\,2019-07-15 16:32:28,False,5,
554,Best utility app so far.,Organised as hell and very user friendly.,#PDOC#,2019-07-15 10:38:22,False,5,
46,Amazing Application,"Being a bachelor, one needs to keep a track of his/her expenses. This is the perfect app for it. Have been using it for more than 2 years now and it has always been the best place for expenses. Really happy with the new and cool update of the app as well.",shrey_623,2019-07-15 07:54:12,False,5,
689,Good ui,Good changes made,vrz 007,2019-07-14 17:36:56,False,5,
395,Does the job,All my friends use it,Manohar_r,2019-07-14 10:01:25,False,5,
621,Love this app !,One of the best in its category so far!!,Sreejit Ayyappan,2019-07-13 16:07:07,False,5,
646,Relief to the mind,What an app! Loved the new look.,ken1l,2019-07-13 06:32:02,False,5,
833,Awesome app,Easy to use,Harshit Jyoth,2019-07-12 15:05:02,False,4,
397,Unable to download and install updates,"Please see the apple version of updates are getting installed, causing all other updates to fail.",Shubham-Jaiswal,2019-07-12 13:48:00,False,2,"{'id': 9928243, 'body': ""So sorry for any trouble! Please send a note to support@splitwise.com so we can look into what's going wrong. "", 'modified': '2019-07-30T20:01:22Z'}"
116,Best application for managing settlements,"I have been using Splitwise since many years, itâ€™s a very nice app which provides efficient tools to keep and manage the information of the settlements",Rafik Mujawar,2019-07-12 11:18:26,False,5,
350,Love the interface & design!,Rest one star retained for performance which will be updated in due time,Pranay Jhawar,2019-07-11 17:00:31,False,4,
73,Option to delete comment should be there.,"I would have given it 5 stars but the latest update does not have the option of deleting comments in an expense.
Please bring back that option !",Dhruv Saraswat,2019-07-11 16:47:44,False,4,
464,Nikky,Comfortable to use need to keep enough brains to understand the calculations between groups and individuals.,nik_k$,2019-07-11 03:41:12,False,4,
479,Older Version is better than new update.,Please reverse the new update theme; as the older version is far better & lucid.,Gauravb197,2019-07-10 21:29:10,False,3,
416,Outstanding,I just cannot imagine my life without Splitwise,Kunal Nune,2019-07-10 20:58:10,False,5,
236,Must have app,This helped me track my expenses and also let me know who owes me money and how much do owe to someone very effectively and efficiently.,MaaJake,2019-07-10 20:05:44,False,5,
64,Stay Headache free,"I guess the first app which is receiving a 5 star from me.
This is a great app for expense sharing and keeping tabs. It is so hassle free and there are so many options available.
The app has been thoughtfully designed and is very versatile.
Good job guys.",vr2much4i,2019-07-10 18:24:39,False,5,
162,5 star application,The features provided by this app facilitates keeping money transactions so seamlessly easy with any particular individual. Totally love this app. Wish I was made a lifetime splitwise pro member for free! :p,Parth Vipani,2019-07-10 17:42:39,False,5,
1726,Perfecto!,Perfecto..........................................................,Kritiyamika,2019-07-10 16:16:10,False,5,
404,New UI,"Like the new UI. 
Explain the pro version in a little more detail.",Meenal05,2019-07-10 12:49:37,False,5,
674,One of the best free app,It makes life easy!!!,siddhartha_r,2019-07-10 07:13:40,False,5,
355,Amazing UI UX!,"The version 5.0 is a much needed update, making the application more lively and a pure delight to use!",arnavwadhwa,2019-07-10 04:44:36,False,5,
690,Apple watch,Please add this app for apple watch,jagrut varma,2019-07-09 05:27:44,False,5,
607,Excellent App especially travelling with group of people,Superb app,Kirit Desai,2019-07-07 09:48:59,False,5,
489,Really helpful app,I really appreciate this guys really. Undoubtedly awesome app. Highly recommended,Kapil775,2019-07-05 17:43:26,False,5,
396,Amazing app! Super helpful & user-friendly!,A very helpful app- has made my life so much easier !! :D,Dr. Samreen,2019-07-04 19:47:38,False,5,
113,Helpful app - saves a lot of time & energy,"A must have app for people who find it difficult to split expenses after a trip, or on a daily basis with their work colleagues or friends.",Bhavyasanghvi,2019-07-03 04:39:26,False,5,
291,Amazingly useful app!!,This app really makes ur life simple and helps to keep financial transactions clear and transparent. This is a must app to settle expenses. Cheers to team Splitwise.,Greysell,2019-07-02 23:49:48,False,5,
821,Excellent,One of the best utility app,Vijjee,2019-06-29 07:47:01,False,5,
327,Excellent tracker,Excellent App to track expenses and payments between each other,SarelNair,2019-06-28 12:09:25,False,5,
50,Indian Splitwise,I would like the dev team to integrate Paytm and Google Pay into the modes of payment for your Indian users to be able to use this app even further! This will automatically increase the number of users in this part of the world!,Nike26,2019-06-26 07:46:43,False,5,
775,Itâ€™s good for your tripe expense calculation ðŸ‘ðŸ‘,Great work,Vipul kanani,2019-06-26 07:17:10,False,5,
315,Very much helpful app,One should definitely use this app for group spendings. This app helps people to feel free from all types of calculations,Harshit kansal,2019-06-25 06:32:53,False,4,
314,Best app to share expenses,"I am using it for a month, app has all features to settle up with your mates.",Siva:),2019-06-23 21:17:48,False,5,
746,Great app !!!,Well thought and executed!!,Nikhil Ranpara,2019-06-18 17:04:34,False,5,
785,ðŸ‘ðŸ¼,Very very convenient!,ross_green,2019-06-18 03:32:45,False,5,
255,Great app. Loving it. Makes life so much simpler.,"The ease of maintaining a tab on all group expenses is unmatchable. It couldnâ€™t get simpler than this. 
Thank you for this app.",raks720,2019-06-17 17:31:25,False,5,
366,Good App,"Has Wonderful and Interesting Features for Expenses to be Split, with Interactive Buttons and Less Effort.",SaahilPriya,2019-06-17 17:30:29,False,5,
381,Best app for trip sharing,Best and easy app to use during group trips,divyang472,2019-06-14 11:54:59,False,5,
276,Very useful.,Easy to use and provides lots of services without any cost.,Hitesh Sadhrakiya,2019-06-13 19:51:37,False,5,
647,Makes life a lot simpler...!,Easy to use .. Dutch in is a cakewalk by SplitWise..,NitinxSehgal,2019-06-12 03:16:47,False,5,
425,Suggestion,Please add search functionality with filter,k@kxi,2019-06-11 17:59:31,False,4,
776,Wonderful app,Awsome app helps to simplify the calculation....,Isaacm.backup,2019-06-11 16:43:45,False,5,
767,Awesom app for splitting the money,Full package app.,_mrgauravarora,2019-06-06 14:13:38,False,5,
964,great,awsome app,manu iitm,2019-06-06 10:53:21,False,5,
442,it is amazing,"it keeps our life exciting and refreshing at the same time. the notifications were our ecstasy and it united us by splitting wisely do try this at home, and on trips adn especially while visiting departmental stores.",Papa ki pari hoon main,2019-06-03 18:37:35,False,5,
126,Works as expected,"Exciting application, we are having a bachelors apartment of 5 people and we are managing our complete expenses using split wise . Highly recommend for bachelors group.",abhijithk,2019-06-03 14:18:48,False,5,
920,helpful,very good,kukunoora,2019-06-03 08:46:59,False,5,
809,Nice app,Nice app with nice features,jatinroyy,2019-06-02 06:04:49,False,5,
357,Best app for expense management.,"Using the app for more than 4 years now, itâ€™s great and easy to use.",divya22,2019-06-01 18:05:14,False,5,
532,Best App,This is the best app I have seen so far and it is so easy to use.,Porthosm11,2019-05-31 22:47:03,False,5,
655,Excellent app,Very easy to use excellent app.,BMs234,2019-05-31 12:47:49,False,5,
832,The best app,This is the best app for the group expenses.,Arshad3641,2019-05-31 10:41:29,False,5,
521,Gerald Abranches,Makes life easy when we r tripping.,Gery Abranches,2019-05-26 06:41:26,False,5,
912,Awesome,Excellent app,amanadarsh16,2019-05-23 15:36:25,False,5,
1713,Amazing App,Amazing app,walterobrian,2019-05-22 18:32:05,False,5,
665,Awesome app,Good to simply debts between group of people,Babluabhi,2019-05-22 05:28:38,False,5,
199,Wow concept,Iâ€™ve been using Splitwise since last more than a year and didnâ€™t found any problem and It really helps me to manage my expenses .,vikk94,2019-05-18 23:32:50,False,4,
544,Good application,The application is wonderful and fulfills your requirement of split bills,aNilPrabhu,2019-05-17 11:00:59,False,5,
349,My daily driver,Full kudos to developers. Expecting and curious about new features,svajmal,2019-05-15 18:56:50,False,5,
730,Best app,Best to share expenses... really ljved the serviceâ¤ï¸,ramanakore,2019-05-15 15:51:11,False,5,
872,Super app,Very good app,Askashish,2019-05-15 12:20:23,False,5,
1714,Excellent,Excellent,Cs303,2019-05-12 05:16:50,False,5,
786,Amazing,World Most sorted split app,yusufzsi,2019-05-11 11:55:17,False,5,
823,Just the best,Splitwise just the best application for expense management ðŸ‘ðŸ‘,Tahir H,2019-05-09 21:01:39,False,4,
257,Great app,Just a suggestion..Please include functionality to enter currency exchange rate so that all currencies can come into single one for a group.,N1ks.89,2019-05-08 20:41:35,False,5,
810,Nice app,Really it is very good app.,jigs.,2019-05-08 18:32:39,False,5,
430,Awesome Application,The app is awesome. No more worries of splitting the bills and calculating the individual amount. Keep up the good work.,Mak0507,2019-05-08 06:32:54,False,5,
301,Group expenses made simple,"Very nice app to maintain a group expense such as a trip, dinner bill, any 1-1 transactions and to record any bills.",Ashwin Vellore,2019-05-07 05:36:58,False,5,
490,Brilliant,At last my house bills are not a headache anymore â¤ï¸,Ghappu,2019-05-06 20:24:37,False,5,
463,Perfect,Couldnâ€™t be more convenient!,hritikesh.mohta,2019-05-06 19:08:49,False,5,
407,Simply the best,"I canâ€™t imagine my life without this app.
Saves me a lot of trouble.",Shanmugavel27,2019-05-06 10:02:04,False,5,
615,Great App,This is a great app. Makes settling group spend a breeze.,ShrikanthaBhatta,2019-05-06 01:05:52,False,5,
753,Amazing,"This app suits to perfection if u go on a sharing trip.
Flawless and seemingly the best in business.

The trip organiser will be at peace with the usage of this app.

Kudos !!!!",Bharath Yalavarthi,2019-05-04 18:17:39,False,5,
623,add some more graphics,app looks pale .Ui is good but look wise not great,venkat901,2019-05-04 07:57:22,False,4,
216,Excellent & Suggestion,"Excellent app...very very impressive. 
Suggestion : it would be better if you provide settle by initiating payment through net banking or by upi payments",VihaanLalith,2019-05-03 14:51:32,False,5,
141,Chat option,"Would like to know, where does the chat option appears?",Shilpahb,2019-05-02 02:08:09,False,5,
788,Super app for shared expense,"Super app for expenses, nice ui. Accurate planner.",Pruthvi_raju,2019-04-30 19:27:51,False,5,
938,Adipoli app,Super ayikkonuu,sulu mea,2019-04-30 18:52:20,False,5,
843,5 star,Awesome app... Too good,Dhrubajit,2019-04-29 15:38:23,False,5,
67,An amazing product solving a trivial problem in easiest way,I hope team is able to monetize this product in a consumer friendly way instead of selling user's data.,ritesharora28,2019-04-28 09:39:42,False,5,
1736,OkIKIkmkOLmmm momm mkMilImgommkOcMmk,"Momom
Ohok txt mig
Ki ccd TX
M f

Iomkkf mko

 Kkmm
Knmoom
Ruko 
I
Mmo r u kok kok 
Oh okkm
Mk
C

Tfimn
M
Mk
Kokomo
K
If too
K
Kho
K

Iâ€™mkm m
KkmmkokookyoOuikomkmtk
Mokmom

My
Kl
M
K
 
You

R
Ok
Okmko
Iâ€™m ko
To Fm
MKo

Bfom
K
Knkomtc
KKom
Kkkllllkm km. 
Okkkooknmm
Margins
Kyomom
Mmo fuk
Okkoooki fnmofc f
Knkickkmk
K
Movingf i. 
Kmm kmm
Llooookoookoomkmjn
Mike Iâ€™mm
Mk
K
Kok mmkouoo
M
K 
Tar o

Michigan
Monika

Kimkm
Ok
R
Kcrmknmok
Mokmomom
M
MT frctcidkmkmo
Ri
Ruc
I
Klk
Mriokomo f fooou
Iâ€™m
Okok Jim
Oioom
Okmmo
Kolmkoikkikoknono
Mmo mkki
M
Oko
Mrk oic
FLkmo
M
Kimicf 
Okmkokkkokmlomkokmk",jmmkmofnfcoikkio,2019-04-26 17:54:12,False,5,
382,Wonderful,"Iâ€™ve always wanted an app like this, thanks a lotâ¤ï¸",bopanna2499,2019-04-25 06:39:25,False,5,
465,mind blowing!!,if u are planning for trip and dont want to bother how much each person ows you and u have to lend to each this is the best option to get rid off!! incredible effort from team good app perhaps best in its category!!,kya karoge jan ke,2019-04-24 15:27:43,False,5,
167,Great app,Have been using it since a long time now. Less bugs and more intuitive features. Good work!,DopeAkash,2019-04-23 10:47:13,False,5,
40,Perfecto!,Absolutely amazing app. I just had to write a review about it. Earlier my friends and I used to have so much trouble calculating who owed money to each other and how much. We used to spend so much time with a white board trying to do the math. But no more! Splitwise has made life so much simpler.,misternaik,2019-04-18 19:17:54,False,5,
988,its awesome,.....,snajshsvsvsvsvvsvsvsv,2019-04-17 09:44:02,False,5,
237,Simple & Awesome,Very easy to manage expenses within friends group. Especially the final settlement splits are automatically calculated and shown.,Ola lover,2019-04-15 08:57:14,False,5,
511,Good one in this field,"5 stars, if they enable to add Facebook friends instead of requesting for individual gmail Id..",narreshslp,2019-04-15 05:28:55,False,4,
97,Add payment address option,It would be wise if you just provide a column where user can add the mode of payment they accept & address along with it.,Lokesh_Lakki,2019-04-14 05:26:00,False,5,
749,Amazing,Really helpful,ansinha27,2019-04-12 07:41:16,False,5,
1738,Great app,I planned our whole Goa trip through this app.Very nice app for people who travel in group.,Erozone,2019-04-07 12:32:09,False,4,
522,Very nice application,This really helps me keep account on what I owe and what Iâ€™m owed.,Arun K Menon,2019-04-07 02:25:05,False,5,
796,Not an efficient app,Not a great app. Increases number of transactions and creates confusion. Settle up app on the other hand is much efficy,sector 28 vashi,2019-04-04 07:44:45,False,2,
